<?xml version="1.0" encoding="UTF-8"?><metadata>
    <idinfo>
        <citation>
            <citeinfo>
                <origin/>
                <pubdate>20131024</pubdate>
                <title>Maine Law Enforcement E911</title>
                <geoform>vector digital data</geoform>
                <onlink>https://www1.maine.gov/geolib/data/MaineLawEnfE911.DXF</onlink>
            </citeinfo>
        </citation>
        <descript>
            <abstract>Law Enforcement locations from Maine E911 address data from MainePUC.&#13;
NG_Addresses show point locations for addressable structures and other landmark locations such as ballparks, cemetaries, boat launches, etc. The data is attributed with a physical address, site type, and other related information.</abstract>
            <purpose>This dataset was created for the Emergency Services Communication Bureau as a digital location and database of addressable structures and locations for mapping, emergency call routing, analysis and other related 9-1-1 applications. This dataset is updated on a daily basis and complies with NENA i3 Standards.</purpose>
        </descript>
        <status>
            <progress>In work</progress>
            <update>As needed</update>
        </status>
        <spdom>
            <bounding>
                <westbc>-71.14051</westbc>
                <eastbc>-66.856979</eastbc>
                <northbc>47.361704</northbc>
                <southbc>43.064311</southbc>
            </bounding>
        </spdom>
        <keywords>
            <theme>
                <themekt>None</themekt>
                <themekey>address</themekey>
                <themekey>civic</themekey>
                <themekey>structure</themekey>
                <themekey>location</themekey>
            </theme>
            <theme>
                <themekt>ISO 19115 Topic Categories</themekt>
                <themekey>location</themekey>
                <themekey>structure</themekey>
            </theme>
        </keywords>
        <accconst>None</accconst>
        <useconst>Users must assume responsibility in determining the usability of this data for their purposes. Digital maps retain the accuracy of their source materials. The best use of data mapped at scales of 1:500,000 and 1:250,000 is in statewide planning and studies; at 1:100,000 in regional planning and studies; at 1:62,500 and 1:24,000 in detailed studies and local planning; and at 1:12,000 and 1:5,000 or larger scales in parcel level studies and detailed local planning. In the use of Maine GIS data, please check sources, scale, accuracy, currentness and other available information. Please confirm that you are using the correct copy of both data and metadata from the Maine GIS Data Catalog. Updates, corrections, and feedback, incorporated in the Maine GIS database are made in accordance with "Data Standards for Maine Geographic Information Systems", 2002, and coordinated by MEGIS</useconst>
        <ptcontac>
            <cntinfo>
                <cntorgp>
                    <cntorg>Maine Public Utilities Commission (MEPUC), Maine Emergency Services Communications Bureau (ESCB)</cntorg>
                    <cntper>NG9-1-1 Spatial Database Manager</cntper>
                </cntorgp>
                <cntpos>NG9-1-1 Spatial Database Manager</cntpos>
                <cntaddr>
                    <addrtype>unknown</addrtype>
                    <address>175 State House Station</address>
                    <city>Augusta</city>
                    <state>ME</state>
                    <postal>04330-0175</postal>
                    <country>US</country>
                </cntaddr>
                <cntvoice>1-800-665-2830</cntvoice>
                <cntfax>1-866-710-7381</cntfax>
                <cntemail>PUC.GIS911@maine.gov</cntemail>
                <hours>Monday through Friday 0800 - 1600 EST</hours>
            </cntinfo>
        </ptcontac>
        <datacred>Credit should always be given to the data source and/or originator when the data is transferred or printed. Emergency Services Communication Bureau, http://www.maine911.com</datacred>
        <native>Microsoft Windows 7 Version 6.1 (Build 7601) Service Pack 1; Esri ArcGIS 10.4.1.5713</native>
    </idinfo>
    <spdoinfo>
        <direct>Vector</direct>
        <ptvctinf>
            <sdtsterm>
                <sdtstype>Entity point</sdtstype>
                <ptvctcnt>13</ptvctcnt>
            </sdtsterm>
        </ptvctinf>
    </spdoinfo>
    <metainfo>
        <metd>20180122</metd>
        <metc>
            <cntinfo>
                <cntorgp>
                    <cntorg>Maine Public Utilities Commission (MEPUC), Maine Emergency Services Communications Bureau (ESCB)</cntorg>
                    <cntper>NG9-1-1 Spatial Database Manager</cntper>
                </cntorgp>
                <cntpos>NG9-1-1 Spatial Database Manager</cntpos>
                <cntaddr>
                    <addrtype>unknown</addrtype>
                    <address>175 State House Station</address>
                    <city>Augusta</city>
                    <state>ME</state>
                    <postal>04330-0175</postal>
                    <country>US</country>
                </cntaddr>
                <cntvoice>1-800-665-2830</cntvoice>
                <cntfax>1-866-710-7381</cntfax>
                <cntemail>PUC.GIS911@maine.gov</cntemail>
                <hours>Monday through Friday 0730 - 1600 EST</hours>
            </cntinfo>
        </metc>
        <metstdn>FGDC Content Standard for Digital Geospatial Metadata</metstdn>
        <metstdv>FGDC-STD-001-1998</metstdv>
        <mettc>local time</mettc>
    </metainfo>
</metadata>
